[
  {
    "id": "e5854832-a5cf-4adc-ae3e-df43a3805b35",
    "data": [
      {
        "text": "rover-chatbot",
        "userDefined": false
      }
    ],
    "isTemplate": false,
    "count": 0,
    "lang": "en",
    "updated": 0
  },
  {
    "id": "4342d475-978a-4a0f-bc9e-41dafc2a7174",
    "data": [
      {
        "text": "rover",
        "userDefined": false
      }
    ],
    "isTemplate": false,
    "count": 0,
    "lang": "en",
    "updated": 0
  },
  {
    "id": "5ba027a7-4b3f-49b1-98bc-ace21bd44eea",
    "data": [
      {
        "text": "good morning",
        "userDefined": false
      }
    ],
    "isTemplate": false,
    "count": 0,
    "lang": "en",
    "updated": 0
  },
  {
    "id": "f3aeaad5-9342-4352-876c-dfcbcb5d1492",
    "data": [
      {
        "text": "hey there",
        "userDefined": false
      }
    ],
    "isTemplate": false,
    "count": 0,
    "lang": "en",
    "updated": 0
  },
  {
    "id": "76c0b0b1-d367-465b-9aaf-d8390b9ddaf9",
    "data": [
      {
        "text": "hellow",
        "userDefined": false
      }
    ],
    "isTemplate": false,
    "count": 0,
    "lang": "en",
    "updated": 0
  },
  {
    "id": "82549b8a-2ec8-4dbf-bc0c-19184370eb27",
    "data": [
      {
        "text": "heyya",
        "userDefined": false
      }
    ],
    "isTemplate": false,
    "count": 0,
    "lang": "en",
    "updated": 0
  },
  {
    "id": "08d451ca-b07e-4ba1-825b-4386a315cbdd",
    "data": [
      {
        "text": "just saying hi",
        "userDefined": false
      }
    ],
    "isTemplate": false,
    "count": 0,
    "lang": "en",
    "updated": 0
  },
  {
    "id": "1b171609-7c28-4d76-9e74-27f1144474a5",
    "data": [
      {
        "text": "greetings",
        "userDefined": false
      }
    ],
    "isTemplate": false,
    "count": 0,
    "lang": "en",
    "updated": 0
  },
  {
    "id": "ab2f8ac8-1f1c-4f13-8df8-d88c38532d86",
    "data": [
      {
        "text": "hey",
        "userDefined": false
      }
    ],
    "isTemplate": false,
    "count": 0,
    "lang": "en",
    "updated": 0
  },
  {
    "id": "ac0c7485-0444-41cc-906f-ec413dbe21e6",
    "data": [
      {
        "text": "hello",
        "userDefined": false
      }
    ],
    "isTemplate": false,
    "count": 0,
    "lang": "en",
    "updated": 0
  },
  {
    "id": "b4ee3d77-4205-4597-87b3-485a687eb96c",
    "data": [
      {
        "text": "hi",
        "userDefined": false
      }
    ],
    "isTemplate": false,
    "count": 0,
    "lang": "en",
    "updated": 0
  }
]