[
  {
    "id": "da8f6e2e-0157-4618-a4fd-d4e19a57b2b3",
    "data": [
      {
        "text": "What features does this chatbot have?",
        "userDefined": false
      }
    ],
    "isTemplate": false,
    "count": 0,
    "lang": "en",
    "updated": 0
  },
  {
    "id": "2b80cbf0-49a7-4808-86dd-2cab18ea3cb4",
    "data": [
      {
        "text": "What commands can I use",
        "userDefined": false
      }
    ],
    "isTemplate": false,
    "count": 0,
    "lang": "en",
    "updated": 0
  },
  {
    "id": "7b8195e7-a818-4b1f-9312-26f14dcee028",
    "data": [
      {
        "text": "Show what can I ask",
        "userDefined": false
      }
    ],
    "isTemplate": false,
    "count": 0,
    "lang": "en",
    "updated": 0
  },
  {
    "id": "bc8067b9-fe0d-4467-ba05-a337ae24a06c",
    "data": [
      {
        "text": "Help me",
        "userDefined": false
      }
    ],
    "isTemplate": false,
    "count": 0,
    "lang": "en",
    "updated": 0
  },
  {
    "id": "c642d255-c696-45de-89b3-69e1b8bc8c07",
    "data": [
      {
        "text": "What can this bot do?",
        "userDefined": false
      }
    ],
    "isTemplate": false,
    "count": 0,
    "lang": "en",
    "updated": 0
  }
]