[
  {
    "id": "d87a1c20-0b14-4ccd-88e5-c21512af739e",
    "data": [
      {
        "text": "show me ",
        "userDefined": false
      },
      {
        "text": "jeff bezos",
        "meta": "@sys.person",
        "alias": "person",
        "userDefined": false
      },
      {
        "text": " details in ",
        "userDefined": false
      },
      {
        "text": "2020",
        "meta": "@sys.number",
        "alias": "number",
        "userDefined": false
      }
    ],
    "isTemplate": false,
    "count": 1,
    "lang": "en",
    "updated": 0
  },
  {
    "id": "32b312a3-cf0b-4966-a582-29249ad0e6ec",
    "data": [
      {
        "text": "give details of ",
        "userDefined": false
      },
      {
        "text": "elon musk",
        "meta": "@sys.person",
        "alias": "person",
        "userDefined": true
      },
      {
        "text": " in ",
        "userDefined": false
      },
      {
        "text": "2021",
        "meta": "@sys.number",
        "alias": "number",
        "userDefined": false
      }
    ],
    "isTemplate": false,
    "count": 0,
    "lang": "en",
    "updated": 0
  },
  {
    "id": "e26e58db-2cc8-4ccf-8798-51ec7d168542",
    "data": [
      {
        "text": "show me the money of ",
        "userDefined": false
      },
      {
        "text": "elon musk",
        "meta": "@sys.person",
        "alias": "person",
        "userDefined": false
      },
      {
        "text": " in ",
        "userDefined": false
      },
      {
        "text": "2020",
        "meta": "@sys.number",
        "alias": "number",
        "userDefined": false
      }
    ],
    "isTemplate": false,
    "count": 0,
    "lang": "en",
    "updated": 0
  },
  {
    "id": "37a1d8f1-a5bc-4422-ae09-2a441ed2e484",
    "data": [
      {
        "text": "tell me about the wealth of ",
        "userDefined": false
      },
      {
        "text": "bill gates",
        "meta": "@sys.person",
        "alias": "person",
        "userDefined": true
      },
      {
        "text": " in year ",
        "userDefined": false
      },
      {
        "text": "2024",
        "meta": "@sys.number",
        "alias": "number",
        "userDefined": false
      }
    ],
    "isTemplate": false,
    "count": 0,
    "lang": "en",
    "updated": 0
  },
  {
    "id": "b85500f8-15b8-4d25-bce1-7ea887a72c84",
    "data": [
      {
        "text": "how rich is ",
        "userDefined": false
      },
      {
        "text": "elon musk",
        "meta": "@sys.person",
        "alias": "person",
        "userDefined": false
      },
      {
        "text": " in ",
        "userDefined": false
      },
      {
        "text": "2024",
        "meta": "@sys.number",
        "alias": "number",
        "userDefined": false
      }
    ],
    "isTemplate": false,
    "count": 0,
    "lang": "en",
    "updated": 0
  },
  {
    "id": "0bae18ef-1666-419a-8a83-96ae03f360cf",
    "data": [
      {
        "text": "what is the wealth of ",
        "userDefined": false
      },
      {
        "text": "jeff bezos",
        "meta": "@sys.person",
        "alias": "person",
        "userDefined": false
      },
      {
        "text": " in ",
        "userDefined": false
      },
      {
        "text": "2023",
        "meta": "@sys.number",
        "alias": "number",
        "userDefined": false
      }
    ],
    "isTemplate": false,
    "count": 0,
    "lang": "en",
    "updated": 0
  },
  {
    "id": "b1176e8e-b172-4c9d-a50c-f5293f875bc4",
    "data": [
      {
        "text": "what is the wealth of $name in ",
        "userDefined": false
      },
      {
        "text": "2021",
        "meta": "@sys.number",
        "alias": "number",
        "userDefined": false
      }
    ],
    "isTemplate": false,
    "count": 0,
    "lang": "en",
    "updated": 0
  }
]