[
  {
    "id": "6563b828-bfd8-4d83-bbe7-f3ce7c7dc03d",
    "data": [
      {
        "text": "who was the ",
        "userDefined": false
      },
      {
        "text": "7",
        "meta": "@sys.number",
        "alias": "number",
        "userDefined": true
      },
      {
        "text": "th richest person in year ",
        "userDefined": false
      },
      {
        "text": "1999",
        "meta": "@sys.number",
        "alias": "number",
        "userDefined": false
      }
    ],
    "isTemplate": false,
    "count": 0,
    "lang": "en",
    "updated": 0
  },
  {
    "id": "db7233e3-ef7b-49c3-8461-0aa2df980e3e",
    "data": [
      {
        "text": "who is the ",
        "userDefined": false
      },
      {
        "text": "second",
        "meta": "@sys.ordinal",
        "alias": "ordinal",
        "userDefined": true
      },
      {
        "text": " richest person in ",
        "userDefined": false
      },
      {
        "text": "2020",
        "meta": "@sys.number",
        "alias": "number",
        "userDefined": true
      }
    ],
    "isTemplate": false,
    "count": 0,
    "lang": "en",
    "updated": 0
  },
  {
    "id": "cd1db029-6005-4f9e-8f09-a0eadd2627b9",
    "data": [
      {
        "text": "fifth",
        "meta": "@sys.ordinal",
        "alias": "ordinal",
        "userDefined": false
      },
      {
        "text": " richest person in ",
        "userDefined": false
      },
      {
        "text": "2005",
        "meta": "@sys.number",
        "alias": "number",
        "userDefined": false
      }
    ],
    "isTemplate": false,
    "count": 0,
    "lang": "en",
    "updated": 0
  },
  {
    "id": "b6512d42-dc7f-44f8-a38c-2adf5c6b639c",
    "data": [
      {
        "text": "second",
        "meta": "@sys.ordinal",
        "alias": "ordinal",
        "userDefined": true
      },
      {
        "text": " richest person in ",
        "userDefined": false
      },
      {
        "text": "2023",
        "meta": "@sys.number",
        "alias": "number",
        "userDefined": false
      }
    ],
    "isTemplate": false,
    "count": 0,
    "lang": "en",
    "updated": 0
  },
  {
    "id": "062f84e9-5861-4be8-b653-aa74df8f2022",
    "data": [
      {
        "text": "richest person in ",
        "userDefined": false
      },
      {
        "text": "2020",
        "meta": "@sys.number",
        "alias": "number",
        "userDefined": false
      }
    ],
    "isTemplate": false,
    "count": 0,
    "lang": "en",
    "updated": 0
  },
  {
    "id": "67b700c6-2501-4501-9049-9d964c8a054c",
    "data": [
      {
        "text": "who is the ",
        "userDefined": false
      },
      {
        "text": "tenth",
        "meta": "@sys.ordinal",
        "alias": "ordinal",
        "userDefined": false
      },
      {
        "text": " richest person",
        "userDefined": false
      }
    ],
    "isTemplate": false,
    "count": 0,
    "lang": "en",
    "updated": 0
  },
  {
    "id": "9060a5a7-f7aa-4ea0-9ff7-09088ba22dff",
    "data": [
      {
        "text": "wo is the ",
        "userDefined": false
      },
      {
        "text": "3rd",
        "meta": "@sys.ordinal",
        "alias": "ordinal",
        "userDefined": false
      },
      {
        "text": " richest person",
        "userDefined": false
      }
    ],
    "isTemplate": false,
    "count": 0,
    "lang": "en",
    "updated": 0
  },
  {
    "id": "3228fd69-dd5d-41f0-861f-4d7e706ff9c5",
    "data": [
      {
        "text": "who was the ",
        "userDefined": false
      },
      {
        "text": "fifth",
        "meta": "@sys.ordinal",
        "alias": "ordinal",
        "userDefined": false
      },
      {
        "text": " richest person in ",
        "userDefined": false
      },
      {
        "text": "2002",
        "meta": "@sys.number",
        "alias": "number",
        "userDefined": false
      }
    ],
    "isTemplate": false,
    "count": 0,
    "lang": "en",
    "updated": 0
  },
  {
    "id": "e92672e8-0c99-4e29-9ad1-1f281f3da057",
    "data": [
      {
        "text": "who was the ",
        "userDefined": false
      },
      {
        "text": "second",
        "meta": "@sys.ordinal",
        "alias": "ordinal",
        "userDefined": true
      },
      {
        "text": " richest person in ",
        "userDefined": false
      },
      {
        "text": "2017",
        "meta": "@sys.number",
        "alias": "number",
        "userDefined": false
      }
    ],
    "isTemplate": false,
    "count": 0,
    "lang": "en",
    "updated": 0
  },
  {
    "id": "7bfe15e8-e847-4af0-858b-cea12e7a6725",
    "data": [
      {
        "text": "Can you tell me the richest people in ",
        "userDefined": false
      },
      {
        "text": "2024",
        "meta": "@sys.number",
        "alias": "number",
        "userDefined": false
      },
      {
        "text": "?",
        "userDefined": false
      }
    ],
    "isTemplate": false,
    "count": 0,
    "lang": "en",
    "updated": 0
  }
]