[
  {
    "id": "9c50de19-3532-49aa-9325-db9131f09621",
    "data": [
      {
        "text": "details",
        "userDefined": false
      }
    ],
    "isTemplate": false,
    "count": 0,
    "lang": "en",
    "updated": 0
  },
  {
    "id": "397e60fb-0b84-4632-b9fe-0f5cd2015327",
    "data": [
      {
        "text": "detail",
        "userDefined": false
      }
    ],
    "isTemplate": false,
    "count": 0,
    "lang": "en",
    "updated": 0
  },
  {
    "id": "11c8aead-3303-49ec-b93a-65cf0801e24d",
    "data": [
      {
        "text": "who is ",
        "userDefined": false
      },
      {
        "text": "Bernard Arnault \u0026 family",
        "meta": "@sys.person",
        "alias": "person",
        "userDefined": true
      }
    ],
    "isTemplate": false,
    "count": 0,
    "lang": "en",
    "updated": 0
  },
  {
    "id": "0f70b5b0-5c2f-4fa7-89c9-6b138dabd1bf",
    "data": [
      {
        "text": "give detail of the ",
        "userDefined": false
      },
      {
        "text": "3",
        "meta": "@sys.number",
        "alias": "number",
        "userDefined": false
      },
      {
        "text": "rd richest person",
        "userDefined": false
      }
    ],
    "isTemplate": false,
    "count": 0,
    "lang": "en",
    "updated": 0
  },
  {
    "id": "6612961d-9e81-4212-8110-2d43ef1cb12f",
    "data": [
      {
        "text": "tell me everything about the ",
        "userDefined": false
      },
      {
        "text": "second",
        "meta": "@sys.number",
        "alias": "number",
        "userDefined": false
      },
      {
        "text": " richest person",
        "userDefined": false
      }
    ],
    "isTemplate": false,
    "count": 0,
    "lang": "en",
    "updated": 0
  },
  {
    "id": "fe04141c-cc24-4732-9bc5-286513d6cae7",
    "data": [
      {
        "text": "who is ",
        "userDefined": false
      },
      {
        "text": "elon musk?",
        "meta": "@sys.person",
        "alias": "person",
        "userDefined": false
      }
    ],
    "isTemplate": false,
    "count": 0,
    "lang": "en",
    "updated": 0
  },
  {
    "id": "5e91b212-2b25-420e-ad97-4c6db63e7e00",
    "data": [
      {
        "text": "tell me about ",
        "userDefined": false
      },
      {
        "text": "mukesh ambani",
        "meta": "@sys.person",
        "alias": "person",
        "userDefined": false
      }
    ],
    "isTemplate": false,
    "count": 0,
    "lang": "en",
    "updated": 0
  },
  {
    "id": "c11a7482-2057-4484-a86b-b77d6cba0ede",
    "data": [
      {
        "text": "give me the details of rank ",
        "userDefined": false
      },
      {
        "text": "1",
        "meta": "@sys.number",
        "alias": "number",
        "userDefined": false
      }
    ],
    "isTemplate": false,
    "count": 0,
    "lang": "en",
    "updated": 0
  }
]