[
  {
    "id": "60deea5e-4d08-4c82-ba10-66e0d464474e",
    "data": [
      {
        "text": "how wealthy is ",
        "userDefined": false
      },
      {
        "text": "armancio",
        "meta": "@sys.person",
        "alias": "person",
        "userDefined": false
      },
      {
        "text": " currently",
        "userDefined": false
      }
    ],
    "isTemplate": false,
    "count": 0,
    "lang": "en",
    "updated": 0
  },
  {
    "id": "fd8874d1-befb-4197-b8a9-5fc00a952a85",
    "data": [
      {
        "text": "how wealthy is ",
        "userDefined": false
      },
      {
        "text": "armancio",
        "meta": "@sys.person",
        "alias": "person",
        "userDefined": false
      },
      {
        "text": " ",
        "userDefined": false
      },
      {
        "text": "today",
        "meta": "@sys.date-time",
        "alias": "date-time",
        "userDefined": false
      }
    ],
    "isTemplate": false,
    "count": 0,
    "lang": "en",
    "updated": 0
  },
  {
    "id": "8b47d7e5-e4af-47a3-b183-db4e73eaeaff",
    "data": [
      {
        "text": "what is the richness of ",
        "userDefined": false
      },
      {
        "text": "michael bloomberg",
        "meta": "@sys.person",
        "alias": "person",
        "userDefined": false
      },
      {
        "text": " ",
        "userDefined": false
      },
      {
        "text": "today",
        "meta": "@sys.date-time",
        "alias": "date-time",
        "userDefined": false
      }
    ],
    "isTemplate": false,
    "count": 0,
    "lang": "en",
    "updated": 0
  },
  {
    "id": "5ed521f3-4df2-4018-871c-3679b620e750",
    "data": [
      {
        "text": "what is the wealth of ",
        "userDefined": false
      },
      {
        "text": "bill gates",
        "meta": "@sys.person",
        "alias": "person",
        "userDefined": false
      },
      {
        "text": " ",
        "userDefined": false
      },
      {
        "text": "today",
        "meta": "@sys.date-time",
        "alias": "date-time",
        "userDefined": false
      }
    ],
    "isTemplate": false,
    "count": 0,
    "lang": "en",
    "updated": 0
  },
  {
    "id": "5ebeb609-31cb-4a4e-b093-88cc29846dc1",
    "data": [
      {
        "text": "what is todays wealth of ",
        "userDefined": false
      },
      {
        "text": "jeff",
        "meta": "@sys.person",
        "alias": "person",
        "userDefined": false
      }
    ],
    "isTemplate": false,
    "count": 0,
    "lang": "en",
    "updated": 0
  },
  {
    "id": "4d1b934f-18c1-4877-b88c-8fd3c17fb359",
    "data": [
      {
        "text": "what is the net worth of $name now",
        "userDefined": false
      }
    ],
    "isTemplate": false,
    "count": 0,
    "lang": "en",
    "updated": 0
  },
  {
    "id": "38d66a79-c92c-4ddf-ad80-8c97416ba52c",
    "data": [
      {
        "text": "today\u0027s networth",
        "userDefined": false
      }
    ],
    "isTemplate": false,
    "count": 0,
    "lang": "en",
    "updated": 0
  },
  {
    "id": "d80155bf-3b2e-4c5b-8aaa-836ff08e284e",
    "data": [
      {
        "text": "networth today",
        "userDefined": false
      }
    ],
    "isTemplate": false,
    "count": 0,
    "lang": "en",
    "updated": 0
  },
  {
    "id": "e5647b38-5501-43e7-89dc-8ed163815b3b",
    "data": [
      {
        "text": "networth of $name currently",
        "userDefined": false
      }
    ],
    "isTemplate": false,
    "count": 0,
    "lang": "en",
    "updated": 0
  },
  {
    "id": "16ec5098-fe5d-4b9c-9a68-e094c3b13b58",
    "data": [
      {
        "text": "what is the net worth of ",
        "userDefined": false
      },
      {
        "text": "bill gates",
        "meta": "@sys.person",
        "alias": "person",
        "userDefined": true
      },
      {
        "text": " today",
        "userDefined": false
      }
    ],
    "isTemplate": false,
    "count": 0,
    "lang": "en",
    "updated": 0
  }
]