[
  {
    "id": "dcf6ccd6-85a7-4b82-a18e-7ec8c0b58505",
    "data": [
      {
        "text": "top richest persontop ",
        "userDefined": false
      },
      {
        "text": "2",
        "meta": "@sys.number",
        "alias": "number",
        "userDefined": false
      },
      {
        "text": " richest person",
        "userDefined": false
      }
    ],
    "isTemplate": false,
    "count": 0,
    "lang": "en",
    "updated": 0
  },
  {
    "id": "a1732355-7651-49a3-b09f-50d0fe4bc6b3",
    "data": [
      {
        "text": "top richest person",
        "userDefined": false
      }
    ],
    "isTemplate": false,
    "count": 0,
    "lang": "en",
    "updated": 0
  },
  {
    "id": "58725e77-e0c3-48be-8fff-bad2d4eb759a",
    "data": [
      {
        "text": "top ",
        "userDefined": false
      },
      {
        "text": "3",
        "meta": "@sys.number",
        "alias": "number",
        "userDefined": false
      },
      {
        "text": " richest person",
        "userDefined": false
      }
    ],
    "isTemplate": false,
    "count": 0,
    "lang": "en",
    "updated": 0
  },
  {
    "id": "404817b6-a4c1-4737-8522-a33dcb67bfd9",
    "data": [
      {
        "text": "who are the top richest person",
        "userDefined": false
      }
    ],
    "isTemplate": false,
    "count": 0,
    "lang": "en",
    "updated": 0
  },
  {
    "id": "c233d90f-0a1e-48e7-8870-bd87de1f88b1",
    "data": [
      {
        "text": "who are the top ",
        "userDefined": false
      },
      {
        "text": "5",
        "meta": "@sys.number",
        "alias": "number",
        "userDefined": false
      },
      {
        "text": " richest person in ",
        "userDefined": false
      },
      {
        "text": "2000",
        "meta": "@sys.date-period",
        "alias": "date-period",
        "userDefined": false
      }
    ],
    "isTemplate": false,
    "count": 0,
    "lang": "en",
    "updated": 0
  },
  {
    "id": "0af7d900-87aa-4105-8ee9-8ef01390ac29",
    "data": [
      {
        "text": "who are the top ",
        "userDefined": false
      },
      {
        "text": "5",
        "meta": "@sys.number",
        "alias": "number",
        "userDefined": false
      },
      {
        "text": " billionaires in ",
        "userDefined": false
      },
      {
        "text": "2020",
        "meta": "@sys.number",
        "alias": "number",
        "userDefined": false
      }
    ],
    "isTemplate": false,
    "count": 0,
    "lang": "en",
    "updated": 0
  },
  {
    "id": "7f5b0567-b622-4145-a99f-25383149fd4f",
    "data": [
      {
        "text": "who were the richest person in ",
        "userDefined": false
      },
      {
        "text": "1999",
        "meta": "@sys.number",
        "alias": "number",
        "userDefined": true
      }
    ],
    "isTemplate": false,
    "count": 0,
    "lang": "en",
    "updated": 0
  },
  {
    "id": "940dbafd-14da-44f9-9696-f83376029740",
    "data": [
      {
        "text": "who are the richest person?",
        "userDefined": false
      }
    ],
    "isTemplate": false,
    "count": 0,
    "lang": "en",
    "updated": 0
  },
  {
    "id": "e1320a01-e58d-4d64-a99c-fd00701831d2",
    "data": [
      {
        "text": "Give me the top billionaires for the year ",
        "userDefined": false
      },
      {
        "text": "2023",
        "meta": "@sys.number",
        "alias": "number",
        "userDefined": false
      }
    ],
    "isTemplate": false,
    "count": 0,
    "lang": "en",
    "updated": 0
  },
  {
    "id": "6c9785e6-b51a-46fc-81af-5c877409bbca",
    "data": [
      {
        "text": "Who ranks among the top billionaires currently?",
        "userDefined": false
      }
    ],
    "isTemplate": false,
    "count": 0,
    "lang": "en",
    "updated": 0
  },
  {
    "id": "dff03882-3ee9-4ca2-91a0-ca26a0ee3191",
    "data": [
      {
        "text": "List the top ",
        "userDefined": false
      },
      {
        "text": "10",
        "meta": "@sys.number",
        "alias": "number",
        "userDefined": false
      },
      {
        "text": " billionaires for ",
        "userDefined": false
      },
      {
        "text": "this year",
        "meta": "@sys.date-period",
        "alias": "date-period",
        "userDefined": false
      },
      {
        "text": ".",
        "userDefined": false
      }
    ],
    "isTemplate": false,
    "count": 1,
    "lang": "en",
    "updated": 0
  },
  {
    "id": "02baeecd-fc48-4791-b2b5-54fc03445af1",
    "data": [
      {
        "text": "who are the top billionaires in ",
        "userDefined": false
      },
      {
        "text": "2024",
        "meta": "@sys.number",
        "alias": "number",
        "userDefined": false
      }
    ],
    "isTemplate": false,
    "count": 0,
    "lang": "en",
    "updated": 0
  }
]