[
  {
    "id": "62f277ec-19ed-4307-bdae-8d3995367e7d",
    "data": [
      {
        "text": "alright",
        "userDefined": false
      }
    ],
    "isTemplate": false,
    "count": 0,
    "lang": "en",
    "updated": 0
  },
  {
    "id": "b9c7c02d-01fb-468a-b9f5-35e2d7654194",
    "data": [
      {
        "text": "done",
        "userDefined": false
      }
    ],
    "isTemplate": false,
    "count": 0,
    "lang": "en",
    "updated": 0
  },
  {
    "id": "ff77e3a4-f4ab-4ced-b526-47bb2620d86c",
    "data": [
      {
        "text": "ok",
        "userDefined": false
      }
    ],
    "isTemplate": false,
    "count": 0,
    "lang": "en",
    "updated": 0
  },
  {
    "id": "99dc72d0-cb7f-472d-92b2-d90993a2aee2",
    "data": [
      {
        "text": "Thanks",
        "userDefined": false
      }
    ],
    "isTemplate": false,
    "count": 0,
    "lang": "en",
    "updated": 0
  },
  {
    "id": "5535395a-de33-45a3-8a3d-faa7ce6266c1",
    "data": [
      {
        "text": "Thank You",
        "userDefined": false
      }
    ],
    "isTemplate": false,
    "count": 0,
    "lang": "en",
    "updated": 0
  },
  {
    "id": "8df5614e-d5a3-4848-9365-dc91fdfc75e5",
    "data": [
      {
        "text": "No Thankyou",
        "userDefined": false
      }
    ],
    "isTemplate": false,
    "count": 0,
    "lang": "en",
    "updated": 0
  },
  {
    "id": "885585e0-2f84-4631-830b-e68f348827e3",
    "data": [
      {
        "text": "Done now",
        "userDefined": false
      }
    ],
    "isTemplate": false,
    "count": 0,
    "lang": "en",
    "updated": 0
  },
  {
    "id": "1d312563-6f30-4e54-b4ee-602b43a20e11",
    "data": [
      {
        "text": "I am okay",
        "userDefined": false
      }
    ],
    "isTemplate": false,
    "count": 0,
    "lang": "en",
    "updated": 0
  },
  {
    "id": "0cdb10fa-1110-4f58-9f70-c6a3fbfe632e",
    "data": [
      {
        "text": "thats alright",
        "userDefined": false
      }
    ],
    "isTemplate": false,
    "count": 0,
    "lang": "en",
    "updated": 0
  },
  {
    "id": "8ca4b5ac-541c-4095-acc7-c5af5ca8b557",
    "data": [
      {
        "text": "No Done",
        "userDefined": false
      }
    ],
    "isTemplate": false,
    "count": 0,
    "lang": "en",
    "updated": 0
  },
  {
    "id": "66416756-5af9-4904-97fe-ecf28eec64a1",
    "data": [
      {
        "text": "No thats it",
        "userDefined": false
      }
    ],
    "isTemplate": false,
    "count": 0,
    "lang": "en",
    "updated": 0
  },
  {
    "id": "702214b3-8289-4dc2-bd99-7241fe3ff5cf",
    "data": [
      {
        "text": "Thats it",
        "userDefined": false
      }
    ],
    "isTemplate": false,
    "count": 0,
    "lang": "en",
    "updated": 0
  }
]